filename,title,url,source_type,summary
01_wmu_cs_program_transfer_questions.txt,How good is the CS program at WMU?,https://www.reddit.com/r/WMU/comments/p01c8s/how_good_is_the_cs_program_at_wmu/,Reddit thread,Transfer student asks about WMU CS quality and professors.
02_wmu_cs_program_quality_transfer_thread.txt,Is the computer science program here quality?,https://www.reddit.com/r/WMU/comments/1c8yd4d/is_the_computer_science_program_here_quality/,Reddit thread,"Commenter discusses staffing concerns, facilities, transfer convenience, and outcomes."
03_wmu_ms_cs_program_questions.txt,How's the MS CS program at WMU?,https://www.reddit.com/r/WMU/comments/159boox/hows_the_ms_cs_program_at_wmu/,Reddit thread,"International student asks about academics, culture, careers, alumni network, and ROI."
04_wmu_cs_syllabus_retrieval_advice.txt,Trying to track down Computer Science course syllabi,https://www.reddit.com/r/WMU/comments/1gojxp6/im_trying_to_track_down_copies_of_some_computer/,Reddit thread,Students advise contacting department admin and matching syllabus year/semester.
05_wmu_cs_career_outcomes_concerns.txt,Careers after college?,https://www.reddit.com/r/WMU/comments/1anzosf/careers_after_college/,Reddit thread,Prospective CS transfer asks about WMU reputation and job outcomes.
06_wmu_engineering_cs_success_stories.txt,Engineering Program,https://www.reddit.com/r/WMU/comments/t974pr/engineering_program/,Reddit thread,Alumni-style comment discusses CS career success and project clubs.
07_wmu_dining_food_situation.txt,How is the food situation?,https://www.reddit.com/r/WMU/comments/ej7olm/how_is_the_food_situation/,Reddit thread,"Students discuss dining hall quality, Valley, Bistro hours, and carryout options."
08_wmu_meal_plan_value.txt,Is it worth getting the meal plan?,https://www.reddit.com/r/WMU/comments/nxpnbd/is_it_worth_getting_the_meal_plan/,Reddit thread,"Students compare lower, 14-meal, and unlimited meal plans."
09_wmu_dorms_without_required_meal_plan.txt,Which dorms do not require a meal plan?,https://www.reddit.com/r/WMU/comments/1l84l2v/which_dorms_dont_require_you_to_get_a_meal_plan/,Reddit thread,Comments identify Britton/Hadley and debate no-meal-plan living.
10_wmu_exchange_student_food_housing_career_fair.txt,Exchange to WMU,https://www.reddit.com/r/WMU/comments/1r4yfzv/exchange_to_wmu/,Reddit thread,"Comments discuss dining, residence halls, meal plans, and engineering career fairs."
11_wmu_parking_situation_and_costs.txt,Parking Situation,https://www.reddit.com/r/WMU/comments/1nbrs6a/parking_situation/,Reddit thread,"Student complains about parking cost, full lots, and Parkview travel."
12_wmu_parking_enforcement_rules_discussion.txt,What day does WMU stop parking enforcement?,https://www.reddit.com/r/WMU/comments/18ldb7o/what_day_does_wmu_stop_parking_enforcement/,Reddit thread,Discussion of permit enforcement windows and always-enforced violations.
13_wmu_off_campus_apartment_warning_ccatk.txt,CCATK,https://www.reddit.com/r/WMU/comments/utiaeu/ccatk/,Reddit thread,"Negative off-campus apartment warning mentioning mold, flooding, utilities, and pests."
14_wmu_parking_ticket_registration_discussion.txt,If your car is not registered at WMU how would they make you pay for your parking ticket?,https://www.reddit.com/r/WMU/comments/kqkjwc/if_your_car_isnt_registered_at_wmu_how_would_they/,Reddit thread,Conflicting anecdotal discussion about unregistered cars and tickets.
